Image Link,Center,Openings,Link 1,Link 2,Link 3,Link 4,Link 5,Link 6
https://cdn.discordapp.com/attachments/666873697763590144/666874515699269653/20200114234957_1.jpg,Snake,"5,6",PDHSCSB,CSPHPBH,CCHTDHB,DHPCCSB,TDTTBTS,PTCCPSD
https://cdn.discordapp.com/attachments/666873697763590144/666879732331184148/unknown.png,Clover,2,DTCBHBT,TDBBSBB,HHDSTSS,SSHHPCT,BBCTBPB,SBCSSCT
https://cdn.discordapp.com/attachments/666873697763590144/666880552384856065/Destiny_2_Screenshot_2020.01.15_-_05.37.38.81.png,Hex,"2,5",PTPSSCP,BTSTHPS,HPBBDSH,HTTPBPB,TSSSBCT,HHBSDBS
https://media.discordapp.net/attachments/425502020464803854/666883097848971275/unknown.png?width=1205&height=677,Snake,"3,5",BDPSDCH,TSDBCTH,PHCHBPT,CPCHSSD,PCTBPBC,BPTBSDS
https://cdn.discordapp.com/attachments/666873697763590144/666882490291716097/Destiny_2_Screenshot_2020.01.15_-_16.52.37.79.png,Hex,5,DPBPBCH,HBSPDDS,TBTBPSP,BCHDBBH,CCTDTPC,THCHCCC
https://cdn.discordapp.com/attachments/666872924967403550/666878785773240341/Destiny_2_Screenshot_2020.01.15_-_13.37.40.24.png,Clover,5,BCHDBBH,BCPTDPD,PBDHDCS,DHPCBBP,HDPSPBS,CBTCSHT
https://cdn.discordapp.com/attachments/666873697763590144/666879122953338881/unknown.png,Plus,"1,2,4",STDSSPT,TBCCHBS,TSPCCBS,BPPPPHH,PTCPPPH,BBHBPBD
https://cdn.discordapp.com/attachments/666723831024713739/666885430523854868/tiger_release_final_20200115_170157.png,Hex,5,DBSPTSD,SSPTTTH,SSPCHCD,HTDBBDD,DSDDHBT,DDDHCDS
https://cdn.discordapp.com/attachments/666873697763590144/666891011095658508/unknown.png,Hex,"2,5",DBCSSCP,DDSCHTP,HTCPDCS,SDPTCDC,TTDPHSD,BPHBBDC
https://cdn.discordapp.com/attachments/374468920897175552/666870723024912384/Destiny_2_Screenshot_2020.01.14_-_21.05.54.09.png,Snake,1,DCCHHDC,BHBSDPB,CSTSTBS,PSHPDBH,PCHPBSP,HBDDHTP
https://cdn.discordapp.com/attachments/639741684019625984/666903523996336138/ri_reveal.JPG,Diamond,"1,4",SHBPCBC,CHDHDSS,HBDDHTP,TCDCBSH,BBBBBBB,BBBBBBB
https://cdn.discordapp.com/attachments/639741684019625984/666903526294683659/reveal_2.JPG,Hex,4,THDHTHH,TBTTPCP,CHSBPHC,HSDBSBD,BBBBBBB,BBBBBBB
https://cdn.discordapp.com/attachments/666873697763590144/666893039326724106/unknown.png,Clover,"1,2",DBCDBDC,BHHDHCP,BBBBBBB,BBBBBBB,BBBBBBB,BBBBBBB
https://cdn.discordapp.com/attachments/378009570565423106/666898968613093386/unknown.png,Clover,6,PBTPCDS,CSHCCHP,HSBCBHB,SSCHTHH,SBSCDDS,BTSPSHS
https://cdn.discordapp.com/attachments/598931787087085571/666870605508902942/unknown.png,Plus,"2,5",CHDTTPP,SSTCBPS,TSTDHDD,PPTHBTH,SBDHPDP,DHBPCBH
https://cdn.discordapp.com/attachments/666873697763590144/666886955359010866/hex0.PNG,Hex,3,HBHCBDS,THCSCHS,TTPCDPH,SHBTHSS,DDHPPHC,SCCPDPP
https://cdn.discordapp.com/attachments/666873697763590144/666887002582417428/hex1.PNG,Blank,"2,4,5",HCCPHSP,BBCTHCC,DHSCCDD,DCBTBHD,BTHPHTP,PDHSBHB
https://cdn.discordapp.com/attachments/558092952526913558/666866826877075487/SPOILER_unknown.png,Diamond,3,PCHDSBS,SPPHHDB,TPBBPST,SSCPPDP,PCCCTD,SPHSHHS
https://i.imgur.com/VuS0EzH.jpg,Hexagon,2,CCTSHBC,DPCPSTC,HPCSSDS,TDTHHCP,DPSTPDC,PCHDSBB
https://cdn.discordapp.com/attachments/666867869510008852/666870561393082369/Final2.PNG,Plus,6,SPTTTCT,PHTSHDB,BSSSBSS,PHBHSTC,DDBSHHD,TPBSHHD
https://media.discordapp.net/attachments/666867869510008852/666884552572010506/unknown.png,Diamond,"2,4",CSTTSCC,THSCTCB,SHSHSBD,TSCSHSH,DBTSCHB,BCSTHPB
https://cdn.discordapp.com/attachments/666873697763590144/666873838109196289/Destiny_2_Screenshot_2020.01.14_-_23.52.44.16.png,Diamond,"2,5",STTTHPT,CHBBSTS,SDTBCTB,BDCBCBC,TCSHCTC,SBBTBPT
https://cdn.discordapp.com/attachments/666873697763590144/666902459977039890/unknown.png,Diamond,"2,6",HPPHPPS,DPHCPHD,HSSPDTS,BHPDHCS,HBSCHBT,BSHDHCT
https://imgur.com/a/P366zQR,Diamond,"2,5",DCPPDDP,PTCHDSD,DPPBPBH,DHPTCDP,BPSTHPH,HSHTSHS
https://cdn.discordapp.com/attachments/666871092014743573/666891931246395392/unknown.png,Clover,"1,4",CDPSPDB,THHTBDS,HHDDTPB,SHDTPHD,DBSPDBP,DHHSBSC
https://cdn.discordapp.com/attachments/666871092014743573/666893527841767444/unknown.png,Plus,"1,3",SPSSCPC,BPSCSPH,SHSPSTB,BPCBPPS,BBBBBBB,BBBBBBB
https://cdn.discordapp.com/attachments/666871092014743573/666900458530668545/unknown.png,Snake,"2,5",SBBBPDB,HSTSTHT,CTTDPPS,BCBSPSH,HSBBCDB,BTSBTTT
https://cdn.discordapp.com/attachments/666873697763590144/666910027956748303/e845e4e630.png,Hex,"1,2,4",HCPSTSS,DCPDSHC,BCHBDDC,BPDPSPD,PSBBTHH,TCTHTCD
https://cdn.discordapp.com/attachments/666871092014743573/666901024606519306/unknown.png,Diamond,"3,6",SCTTHDH,HPDDPTC,PPPDSTC,PCTHBPC,SDHCTHC,TDPSSTT
https://cdn.discordapp.com/attachments/666871092014743573/666901077102297109/unknown.png,Hex,"1,4,5",BHSSHTS,HPDHBSH,SBDCSTH,PCHSPCD,HHTCCHS,CBSTHBT
https://cdn.discordapp.com/attachments/666873697763590144/666912524574130177/warlock_11pm.jpg,Diamond,"3,4,5,6",SSTPTCD,BBTDSPD,PCSPCPT,CBBTBTC,CPTSCHB,TPBSDPB
https://cdn.discordapp.com/attachments/666872924967403550/666901342631100416/unknown.png,Clover,"1,4",PCCTDSS,BTBSPTH,STTDSCT,SCTDTDS,PPDTCPC,BPTBPPS
https://cdn.discordapp.com/attachments/666872924967403550/666900663405510676/GG2.png,Diamond,"1,6",SPPHPPH,DHPCHPD,STDPSSH,SCHDPHB,TBHCSBH,TCHDHSB
https://cdn.discordapp.com/attachments/666872924967403550/666903499828756500/tiger_release_final_20200115_110257.png,Hex,"1,5",TDBTBHT,PDDBTSP,CDPSBCC,PPTPHTH,PSDDPPS,TDTBSST
https://cdn.discordapp.com/attachments/666872924967403550/666889216265027585/unknown.png,Plus,"3,5",SCHDPHB,DHHPTHT,CTSHBB,DBSPTSD,HPBDBT,DTDTTSC
https://cdn.discordapp.com/attachments/666872924967403550/666888231169556480/tiger_release_final_20200115_001407.png,Clover,"3,5",STHDPTD,PTBTCTC,DBDPBTD,SHTPBBP,HTPSPCB,DTHTDCT
https://cdn.discordapp.com/attachments/666872924967403550/666885477793529898/hour_3.jpg,Hex,6,CDCPBPH,STSTTTS,PBHHCDC,SDPCPTS,TTTTPDT,HTPPPTS
https://cdn.discordapp.com/attachments/666872924967403550/666873336139087904/Corridor_piece_1-2pm.png,Snake,"5,6",PPTPPHC,TCPCSSB,HHSDCDT,CTDPHTP,TPDSCCP,BTHCSCB
https://cdn.discordapp.com/attachments/666872924967403550/666878693733564448/Destiny_2_-_Raven_10pm_1.png,Plus,"3,5",BBBBBBB,SBHHDHT,SHDSBSB,TBTCBTP,DPSSHHT,CPSHHDH
https://cdn.discordapp.com/attachments/666872924967403550/666878503093927956/tiger_release_final_20200114_213339.png,Clover,"2,6",CPBSDSD,TBCHDTH,SHCDPCC,TDTTTSB,SDBCCHP,DCPPSPS
https://cdn.discordapp.com/attachments/666872924967403550/666873345454768128/Screenshot_11.png,Diamond,"2,5,6",CDTBBBB,BTHDDST,SHPCTHS,DHBCCCD,HHBTHDD,TBDSBTH
https://media.discordapp.net/attachments/638180330217537566/666900951805722624/emblem2.PNG?width=907&height=676,Plus,1,HSSSPDC,PBPCDTC,CDBCCTT,DPSHSDB,HBBBSPC,PDTDPHH
https://cdn.discordapp.com/attachments/666872924967403550/666873513759735832/20200115074759_1.jpg,Clover,"1,3",DHCPDBC,DDCDPTS,BSBHCSC,PHPSHDP,HPHCDBC,HCPCCTP
https://cdn.discordapp.com/attachments/666873697763590144/666916875644436490/Code_17_No_HUD.png,Hex,"1,5,6",BPTDSBB,BBBBBBB,BBBBBBB,CPHCHDS,TCTCBDC,TCSTSHH
https://cdn.discordapp.com/attachments/666872924967403550/666873608525840389/image0.jpg,Diamond,"2,6",BHDSHPH,BHBCPPB,BTPDTDC,BSDTBPT,CHPTHDC,TCPSCSB
https://cdn.discordapp.com/attachments/666872924967403550/666874216406319134/unknown.png,Diamond,"2,5,6",SCDCDPH,PTDHHBP,PBHPDPD,SDSSCSH,HBSCPPC,CPDPTHS
https://cdn.discordapp.com/attachments/666872924967403550/666874566651412490/Screenshot_112.png,Plus,3,HTCBPPT,HBCBDDT,CHCDHBC,SDSCDHD,DTBCBDS,DHSTDBH
https://cdn.discordapp.com/attachments/666873697763590144/666896796890431489/Emblem_Room_Image.jpg,Plus,"3,4,6",TSSBSHD,BPHCTTC,DTBSTCC,PHSHSPB,HCSCSST,DSTSHTH
https://cdn.discordapp.com/attachments/666872924967403550/666874743282073620/tiger_release_final_20200115_060529.png,Plus,"4,6",BBBBBBB,BBBBBBB,BBBBBBB,BPTDSBB,SSTCTDS,BPDBCCS
https://cdn.discordapp.com/attachments/666872924967403550/666875127560011777/20200114232012_1.jpg,Snake,2,PPTTPPC,CHPDHTS,HBHSBHC,BBBBBBB,BBBBBBB,BBBBBBB
https://cdn.discordapp.com/attachments/666872924967403550/666875155095617548/tiger_release_final_20200114_230346.png,Hex,"1,5",CPPCHHC,BCBBBTP,BHCSHBT,CCTBDST,HDBCDBH,DDPTBBB
https://cdn.discordapp.com/attachments/666872924967403550/666875183784787969/tiger_release_final_20200114_232157.png,Snake,"3,6",HHSSSHT,DTPPDHT,HHBHDDS,DBPSBPC,SDBDSTB,DBHTPSS
https://cdn.discordapp.com/attachments/666872924967403550/666875368824635392/Bruh.jpg,Plus,6,SDTTCHD,BDBHSDH,TBHDBPP,CDHCHBD,HSPCCPD,PBTCBSH
https://cdn.discordapp.com/attachments/666872924967403550/666875481001295926/received_2477835729101233.png,Snake,5,SDDBSDD,TSTCSPB,SPSBDPP,DBPDSHH,PCDCHBT,PPBHTCD
https://cdn.discordapp.com/attachments/666872924967403550/666876224584417320/timeline1.PNG,Snake,"3,6",PCHHDDP,HCBBPBD,DDPPSPH,SDDHPHC,SHCCBHB,PBPCCHD
https://cdn.discordapp.com/attachments/666872924967403550/666876734884282378/unknown.png,Snake,"1,2,5",PTBTDBB,TCTDCPH,PDDPPDS,CSDSBBD,DBCCCSB,PHBDDDB
https://cdn.discordapp.com/attachments/666872924967403550/666876971892080690/unknown.png,Plus,"3,4,6",BDHBSPB,TBBSSHH,CCCPBTH,HDTTSTS,BCPHBTD,PTCPPHT
https://cdn.discordapp.com/attachments/666872924967403550/666877167073886249/2020-01-14_6.png,Clover,6,HPSDHSC,DTDDCDD,SDPCTTD,STTTHPT,HHPTPHP,DPCBPBT
https://cdn.discordapp.com/attachments/666872924967403550/666877161008791573/Untitled.png,Snake,"3,4,5",DTCTPHS,CDHDPHP,SSTPPCS,DSBDDBD,CSBPDDB,CHCDHSS
https://cdn.discordapp.com/attachments/666872924967403550/666877644272304138/image0.jpg,Plus,"3,5",CSDPSCB,HHTPCTP,TCCCSHD,PPBTCPD,CTBDCST,DDSCDBD
https://cdn.discordapp.com/attachments/666872924967403550/666877788091056148/unknown.png,Snake,"3,5",TSCBBPP,DBBHHBB,HCSDSPT,HPTSSTS,PTBHDBD,TCDTTSD
https://cdn.discordapp.com/attachments/666872924967403550/666877930886004742/tiger_release_final_20200114_213028.png,Plus,"2,5,6",BTDPSBT,PDCCBHT,BSHHHDB,BCCPPCC,BPDDBHS,PCBPSSH
https://cdn.discordapp.com/attachments/666872924967403550/666878693733564448/Destiny_2_-_Raven_10pm_1.png,Plus,"3,5",BBBBBBB,SBHHDHT,SHDSBSB,TBTCBTP,DPSSHHT,CPSHHDH
https://cdn.discordapp.com/attachments/666873697763590144/666959647726632960/Titan_Reveal_2_No_HUD.png,Diamond,5,THCCTTD,CSPDDTH,CHCHSBP,SHPPCHH,BCPDPBB,TPSSPSH
https://cdn.discordapp.com/attachments/576286039526735892/666935538904989704/TimeLost_vault_lvl2_plus_1_hunter.png,Plus,"2,6",SCBTDHT,CDDSHHD,DPHTBHD,HPBSSPT,DDPPTDC,TSBCTST
https://cdn.discordapp.com/attachments/576286039526735892/666942615861723136/TimeLost_vault_lvl2_hex_1_warlock.png,Hex,"2,5",PCBPTDS,CPPBDTP,PBCTCHT,HHCCSDD,PDHCHDS,TBCCHBS
https://cdn.discordapp.com/attachments/666873697763590144/666944863752683522/unknown.png,Plus,4,HCSBCTB,DCBTBCD,TBDDSDTD,BSPSBTB,DDSSPSD,PTSCBHC
https://cdn.discordapp.com/attachments/576286039526735892/666947623755972637/TimeLost_vault_lvl2_snake_1_titan.png,Snake,"4,6",DDCPCDC,DDCPHPT,BHDSBBT,TTPTBPB,CSPHPST,SPCCBDP
https://cdn.discordapp.com/attachments/666873697763590144/666949867989630977/1085660_screenshots_20200115094525_1.jpg,Plus,"3,4,6",BCSHTHH,STSBSCH,HHBSTHC,SDPHBCT,CBHPHSB,DPPSHDP
https://cdn.discordapp.com/attachments/666873697763590144/666953434787872771/Final_room_1.png,Diamond,"1,3",CPPHTBT,SCDHSSH,HHCDTCC,TTBSTHS,HDBDSDD,PSDBSSH
https://cdn.discordapp.com/attachments/666873697763590144/666954261716008961/EOUN3asWAAIqqd5.jpeg,Diamond,"3,6",CHTDSSD,HPTTPTS,DDCPDTD,CBPBSCS,HDPHCPH,CHCDBBD
https://cdn.discordapp.com/attachments/666873697763590144/666955976498479124/emblem_room.jpg,Snake,6,PCDBSPP,CBHHBHC,HPSSTHH,CSSBDBB,DCHCSPC,SBSDHBS
https://cdn.discordapp.com/attachments/666873697763590144/666956410042581002/emblem.png,Clover,1,HTCSCTC,HBTCHSP,BHTBPBH,HDCPHBD,BDHBBSB,HHTSBBC
https://cdn.discordapp.com/attachments/666873697763590144/666957325189251132/tiger_release_final_20200115_053428.png,Hex,"2,5",SDPTCDC,TTDPHSD,BPHBBDC,DBCSSCP,DDSCHTP,HTCPDCS
https://cdn.discordapp.com/attachments/666873697763590144/666971998831902720/b870f2e02e2a9f6cf4f525b305938c90.jpg,Plus,6,CPHCHDS,BBBBBBB,BBBBBBB,BBBBBBB,BTPPCPH,TPDDTPS
https://cdn.discordapp.com/attachments/666873697763590144/666973149342203905/20200115114802_1.jpg,Snake,6,BHHBSSC,HBHHCCP,SSDHTPH,BHDHHBT,PDPSBCH,BHHCDPP
https://cdn.discordapp.com/attachments/666873697763590144/666974589087252480/unknown.png,Diamond,3,CBPPCCP,BCHCSSH,PBSSSHP,THTHPSP,CHSDHHB,TPHPSCS
https://i.imgur.com/3Dj0ooI.png,Snake,"1,4",SCDHSHC,TCHDPHH,DBDPSTS,TPDCTCP,PHCTPPD,HCBPTDC
https://cdn.discordapp.com/attachments/409961893512478723/666978686897225728/aiax9NX.png,Clover,"1,6",BHHDHCP,BBBBBBB,BBBBBBB,BBBBBBB,BBBBBBB,DBCDBDC
https://cdn.discordapp.com/attachments/666873697763590144/666959248353394728/Hunter_Reveal_1_No_HUD.png,Plus,"5,6",BSHBCCC,DPSPHCS,PCCCPPH,PSHPSSB,SDCSTTD,CBCSPBP
https://cdn.discordapp.com/attachments/666873697763590144/666982138154844170/titan2.jpg,Snake,"2,5",DBSTPDH,CCDHBTC,PBPTCCT,CHHCBHH,HPCBDCT,HTCBBTH
https://cdn.discordapp.com/attachments/666873697763590144/666951821868400640/em1.png,Hex,5,PBPTTHB,PCDDPCP,DPPCCBC,HBHTDCH,CDTSPPD,SDHBDTT
https://cdn.discordapp.com/attachments/666873697763590144/666959380276838400/Hunter_Reveal_2_No_HUD.png,Snake,"2,3,6",BPCDHBS,DTHTPHB,DTCHCDT,BTBDBCH,BHCBCTD,DCSDCBP
https://cdn.discordapp.com/attachments/478373896358330382/666983952661086220/20200115203547_1.jpg,Hex,3,TBCPPSB,HPPPDCB,DBHBCHD,PBCSCCH,TTHBDSD,CDDDSHD
https://cdn.discordapp.com/attachments/666873697763590144/666985019306278953/hunter1.jpg,Hex,3,BPCPHTD,SDTCTCT,PPPHBCS,DTCSBTP,CHTPSBH,BSPDCTB
https://cdn.discordapp.com/attachments/666873697763590144/666986034927632385/hunter2.jpg,Plus,4,SBPDCHD,TCTSCCS,HHDSPSC,SPBPCSC,TCDHCCC,BBCSSSB
https://i.imgur.com/UJLmblT.jpg,Clover,"3,4,6",DHPTHHP,DBHCSPH,CCTTTHH,DHHPDBC,CHSHSCT,TCDSPPB
https://cdn.discordapp.com/attachments/666873697763590144/666986970261618689/unknown.png,Clover,5,PSCDTPH,TBHCSBH,DTDTTSC,HCHSTDH,BPSSHBC,TSCHHST
https://cdn.discordapp.com/attachments/666873697763590144/666988788819689497/unknown.png,Hex,"2,3,6",HPDPHDS,THCBHHC,SPSHBCP,PTDTDBT,THTDPCS,CBTHTSS
https://cdn.discordapp.com/attachments/649875030892740640/666958232987762708/unknown.png,Plus,3,STPHBST,PHCBPCP,BPTDTTB,STPPSTC,SBHCCDH,TCHDPDD
https://i.imgur.com/MSNhroi.png,Snake,2,PBHSTHH,BDPTDTS,TPPHBDB,PPCBCSB,PBCDTPC,TTTPDDH
https://cdn.discordapp.com/attachments/649875030892740640/666961855599869975/unknown.png,Diamond,"2,5",DSCHDBC,SCBBDSD,BTPCSSC,PSTCBCH,DTTBTCP,CBSSHTT
https://cdn.discordapp.com/attachments/666872924967403550/666989664460079104/PS_Communities_20200115_135730.jpg,Plus,"2,4",SDTPDDH,TBBDBBD,BDDCCDD,PPSTDCP,BTHPBHT,DBPDPPH
https://cdn.discordapp.com/attachments/666873697763590144/667001145205587968/image0.jpg,Diamond,"3,4",HDPPHPD,BTDTSSH,PT?PC??,SBBPDPB,SHPCCSP,CCBCHCD
https://cdn.discordapp.com/attachments/666873697763590144/667001300663402496/tiger_release_final_20200116_003620.png,Diamond,"3,6",SDSCPPP,DBBDCHH,DPSTCDT,PCCPPBT,HDBCHHC,PPSSCDT
https://cdn.discordapp.com/attachments/666872924967403550/667001352437891083/20200115144036_1.jpg,Diamond,"2,5,6",DPHDDCC,SPBDDDC,CBBBHSH,BDPSDCH,BPPDPTH,DTHDHBH
https://cdn.discordapp.com/attachments/666873697763590144/667002066446712902/unknown.png,Clover,2,DTCTTTD,CHSTBPC,BBBBBBB,BBBBBBB,BBBBBBB,TTDBSHB
https://cdn.discordapp.com/attachments/666873697763590144/667003871155191821/corridors_4.jpg,Plus,"1,4",DCBTBHD,HBHSBCT,DPBHDHT,SBBSPBH,SSSBBCD,HTSSPHS
https://cdn.discordapp.com/attachments/666873697763590144/667006389444673538/20200115_090414.jpg,Clover,"1,2,5,6",PBHTHBC,CDTCBBH,SDCSPDT,BDTDDTB,HPSBTDS,CTCSSST
https://i.imgur.com/5wQKa4u.jpg,Plus,"2,3,5",BPHCTTC,DTBSTCC,PHSHSPB,HCSCSST,DSTSHTH,TSSBSHD
https://cdn.discordapp.com/attachments/666873697763590144/667009922872901642/er2WhMJ.jpg,Snake,"2,6",SPTBCSP,DHSPPPD,BSSBTCD,BSPHTBS,BBTSTBB,SCCTDBS
https://cdn.discordapp.com/attachments/576286039526735892/667066614776070146/TimeLost_vault_lvl2_hex_2_hunter.png,Hex,2,SSPPTHH,SSPBCSH,PHPDSPH,HBHPCDD,PBSBPBH,CCPDPTH
https://cdn.discordapp.com/attachments/576286039526735892/667068575210799124/TimeLost_vault_lvl2_snake_2_titan.png,Snake,5,CDSDDBS,CTDBBTS,PSHSTSC,SDSSHCD,SPHBBBS,DHDDCSC
https://cdn.discordapp.com/attachments/600974659747315712/667054927486648320/tiger_release_final_20200115_111603.png,Plus,"1,4",TPBSPSD,BBBBBBB,BBBBBBB,BDBCBBD,DCSTSHP,CDTBDDC
https://prnt.sc/qo5ip9,Plus,"4,5,6",HDBTDBT,PPSSHBS,CPPSCPP,BDBCTSC,HBSCSBB,CCCHCHD
https://imgur.com/EHnNIfh,Diamond,"2,4,5",SSCSHCC,HCPSBBS,SDTPHTH,PDDSCCH,BBBBBBB,BBBBBBB
https://imgur.com/bLRfGm7,Clover,5,HPTDCSP,SHBCBTH,TTDTCDS,HCHSTDH,SBBSPCH,SCTHTHS
https://imgur.com/a/lF2seH4,Hex,"1,6",HTBCCSP,CTCPBHH,CDBSSHD,HCHBSBS,HCHBSBS,BHTHSST
https://cdn.discordapp.com/attachments/666873697763590144/667082249216196628/tiger_release_final_20200115_200621.png,Diamond,"2,5",CHDSPPT,DBDTPSS,CDDTSCT,BHSBBSB,SDDCHHC,TPTDTPS
https://cdn.discordapp.com/attachments/666873697763590144/667082628528209952/unknown.png,Clover,"1,4",CDBDCCC,PSBBTHH,DDHDDDH,BDDBTTD,PBBBHPS,SSHHHCB
https://imgur.com/gfTAIQJ,Plus,6,SDHCHPC,BBBBBBB,BBBBBBB,BBBBBBB,PBPPTHC,PDSDTTP
https://imgur.com/a/yOwPyLF,Snake,"3,5",PPBBCST,PPBBCST,CSHDTSP,HPTSSTS,BPBHTDD,SDDTTTC
https://cdn.discordapp.com/attachments/666873697763590144/667082940374843432/5_raw.png,Diamond,"1,4,6",HBSHPBD,BBBBBBB,BBBBBBB,PTBSCDD,SSPPBHP,CBPPBHH
https://imgur.com/bLRfGm7,Clover,3,BBBBBBB,BBBBBBB,BPSHDTP,SPPHPPH,TSCSBBC,BBBBBBB
https://cdn.discordapp.com/attachments/352122151458963458/667076460082888736/unknown.png,Clover,5,PDCPBTC,CPCCTHP,DHBSBCP,PPDSPDB,CTHCCDS,SPCTPPP
https://imgur.com/K5GiXgx,Plus,"2,6",THDTBCS,HDDSHCD,PBDTDHH,HPBSSPT,PDDPDCT,SBTCTTS
https://imgur.com/hEW4IHK,Hex,4,HHTHDHT,PPBTCTT,HPCBCSH,HSDBSBD,BBBBBBB,BBBBBBB
https://imgur.com/1XXoBvl,Blank,"2,4",PBBHSBP,PHSBDPT,CSDHTBD,TPBPPTD,HTPBPPH,BHPPCPS
https://imgur.com/t95Lomv,Clover,"1,2,3",HCCSDDP,BPCPBTH,THPBBHB,BBBBBBB,BBBBBBB,BBBBBBB
https://imgur.com/mi7GG1y,Hex,"3,5,6",PCHBDST,TSTCHPS,PHDPSSD,DBDTDBD,PHTCBBB,DSCCTCT
https://imgur.com/KodbRGc,Plus,"3,5",BCSPDSC,CPHPTHT,CSTCDCH,PPBTCPD,BCSDTTC,BSDCDDD
,Blank,1,CBDCBPH,HHCBCCP,TDPBSHC,HHPSBHS,BDBCBTH,DBPPDPH
https://i.imgur.com/a/YdyT7JL,Snake,"2,6",HDBBPTB,SBTHCBT,BTTSSHH,DSTBHCD,SCTCCCC,HCPDHBC
https://i.imgur.com/RDkOwv3.png,Clover,5,PHTPSSS,THHPSCB,THDBCPT,HTHBBTS,HSDDTPP,TSDPCPB
https://cdn.discordapp.com/attachments/666873697763590144/667139778214494208/PS_Messages_20200115_003005.jpg,Hex,4,BHBHDDT,BBBBBBB,BBBBBBB,DTCHTDH,HCDPDHH,TPCHCTT
https://i.imgur.com/dVEHXol.png,Blank,"1,2",PCBPPHP,CBCSDCC,BBHCSPP,PTHCBTH,PSHTBSP,BTBSTTS
https://drive.google.com/file/d/15ZmRQTbBRbLHIHZ0gSuuqNIRzBnKNzyB,Hex,2,TCCHBTD,DDHCTCC,BHSCPHB,BDHHDHT,DHDTPCP,TSHTBBH
https://cdn.discordapp.com/attachments/370721099417124874/666972271423914007/Destiny_2_Screenshot_2020.01.15_-_16.30.58.95.png,Diamond,"2,5,6",HPDCDCS,HPTHBPD,BDPPDHP,SDSSCSH,SHPCBCP,HDSPCTP
https://cdn.discordapp.com/attachments/666873697763590144/666985019306278953/hunter1.jpg,Hex,3,BPCPHTD,SDTCTCT,PPPHBCS,DTCSBTP,CHTPSBH,BSPDCTB
https://media.discordapp.net/attachments/666852853561688104/666996549267488780/unknown.png?width=1202&height=677,Blank,"3,6",TPDBCTC,PDDBPDD,CPPPPHS,BCHHPSP,SCDTHDP,HHBSTHC
https://cdn.discordapp.com/attachments/563715872083148810/667008810501537812/tiger_release_final_20200116_000809.png,Blank,"1,3",dpdsttb,bpscthh,cdchpdd,hschsst,sbtdchs,ptsbsdc
https://imgur.com/YD085Ya,Blank,1,TPPBDSC,BHHTCSC,BPDTHSS,PTSSCHB,BTCSHTH,HSTTCTD
https://drive.google.com/open?id=1KwyyndyNI_8EHVYsKTQqdvpiIMHRWlVf,Blank,"1,2,5",TPPPTSP,HTPHBBB,BDCSCBP,CCDCHDP,SDBHTHT,CTDHDBH
https://drive.google.com/open?id=1TAU78xOnrcHF--4Es2AilJnWJGooJZ41,Diamond,3,PBPBCPD,DCHBHHB,TPHCTST,TTDTBTB,DHBSPCD,PHTCPTB
https://cdn.discordapp.com/attachments/370721099417124874/666975970393194496/CoT_T1.png,Plus,"1,4",DSPSBPT,BBBBBBB,BBBBBBB,BDBPBBD,SDHTCPS,DTCBCDD
https://media.discordapp.net/attachments/667006788146561054/667009030798966795/tiger_release_final_20200115_234013.png?width=1202&height=676,Diamond,,DPSCBSB,DSHCBPB,SHDDHHS,CCHCPSH,CBBPPBCH,PDDSPBC
https://drive.google.com/file/d/1FEFOlmjMVp4exAQqUeY6Yelz-mi1yxWy/view?usp=drivesdk,Blank,2 5 6,PDTCBTT,CCSSSCC,HDSPTCB,BCBHDBD,CCSBHBT,CDHTTSD
https://cdn.discordapp.com/attachments/666873697763590144/666986034927632385/hunter2.jpg,Plus,4,SBPDCHD,TCTSCCS,HHDSPSC,SPBPCSC,TCDHCCC,BBCSSSB
https://cdn.discordapp.com/attachments/370721099417124874/666976001342963719/CoT_T2.png,Blank,"4,6",CCHPBSS,TSPBBCH,BSPSHTC,HCPSTSS,CTDSDPB,PBSSTPC
https://drive.google.com/file/d/1P9FjzDSV7gBry1XyajDgCjsqpBuuaNTq,Hex,6,PPPHPSB,BHCBHBD,SHBPSTS,DTCSCTP,HPDSTTT,HPCPPDD
https://drive.google.com/open?id=1aP4lg6XQ_2LPJOMuv_Iu5Pfyq9953BB4,Blank,1,TDBTHSP,TDCPTHD,CBBHSPS,HHPHPTS,CBDHCHH,CDPBSSS
https://i.imgur.com/6SjbqgR.png,Blank,6,BPTPCTD,BCDSDBP,DSTDPBP,STPPTTC,PDDTDBP,DSPSCHH
https://cdn.discordapp.com/attachments/370721099417124874/666992299967774721/CoT_W1.png,Blank,"1,5",CHTBCSP,PSCHPHH,TTHTHBC,CDCHPSC,CTSSTDP,HBCCSPP
https://imgur.com/iAbmKQu,Blank,3,CDTHPPH,SHHTDBS,DDTCCPH,BSTBSPC,SBHBDBC,DHTSDTS
https://cdn.discordapp.com/attachments/597810935087759371/667006662468698125/tiger_release_final_20200115_150019.png,Diamond,"1,3",BPCBTBP,PHHTHDS,BDBSHBT,DBHSHST,PBPTDSC,CCDCHPP
https://cdn.discordapp.com/attachments/370721099417124874/666992306477465620/CoT_W2.png,Blank,"4,5,6",CHSCPPB,DSSBTBD,PTCCSPS,DHCHSDD,SBPCBHT,STPTCBD
https://media.discordapp.net/attachments/550730206323671264/666964110260437026/tiger_release_final_20200115_111055.png,Blank,246,SHPPCHH,BCHDHDC,BBHDCHC,CSHSBST,PBHPHTC,HHSDHBH
https://drive.google.com/file/d/1obrc26PSiKlC3s0aZ2pblwN2AdyWousb,Blank,"1,2,3,6",DTDTBHB,BHPHSDB,DPCPHBD,SPSDCBT,BSPCSTC,TDTHPDP
,Clover,6,SDHCHPC,BBBBBBB,BBBBBBB,BBBBBBB,PBPPTHC,PDSDTTP
https://imgur.com/a/XxyxyHF,Blank,,PPSSHDT,CBDPTTS,BTHCSDP,SDPDBSH,TTTDTPC,DSBHDST
https://cdn.discordapp.com/attachments/666873697763590144/666987801832587315/lock1.jpg,Blank,"2,3,6",SDHTHSP,HPHTCBB,CSPCTTT,CBSBHPT,BSSPDBH,PCCTBSS
https://ibb.co/h9gdCYj,Snake,,BBBBBBB,DHDSPTT,TSCHHST,CCHSCSS,BBBBBBB,BBBBBBB
,Blank,"1, Top (Side 1)",HTTHDSB,CBSCDHS,PSPDDHP,TSHTCCT,HCPDDCH,BCTPSDH
https://drive.google.com/file/d/1F2B7ZdCu7oZb1EluHbUpW3SVMzxZd__V,Snake,"3,6",TSPCBBB,SPHCCSS,PHBPBPS,PPSCTSB,DSBTHDH,CDBCSPD
https://drive.google.com/open?id=1qn5D5bgeab3-ElPZ2OPX-2aD9bYcD-CY,Blank,"2,4",DPTTCDD,BPHBTSB,SSCBHTP,CSCHHDC,DTPSSTB,HCHTSPP
https://drive.google.com/open?id=1TAU78xOnrcHF--4Es2AilJnWJGooJZ41,Diamond,3,PBPBCPD,DCHBHHB,TPHCTST,TTDTBTB,DHBSPCD,PHTCPTB
https://cdn.discordapp.com/attachments/666873697763590144/666989189593563146/titan1.jpg,Blank,3,DPSPPCH,SHTSCSH,CCCSTBP,SCHPPHB,PCHSDPB,STSPSHT
https://cdn.discordapp.com/attachments/661643598990671885/666965558758998056/unknown.png,Clover,2.4,DTDHHPB,DTCSSTC,TBHCDDH,BDHTSBD,HSPPTDB,HCHDTHP
https://imgur.com/a/qfWusMP,Plus,,DCHSTPP,BPPPHHP,BHPDTST,CSTTPDB,DTTBCST,PBSCTCS
https://drive.google.com/file/d/1v8gRXTrGodt5GU4o5F7aN8AktB0UePPF,Blank,"2,3",TTSTHDT,BCCBPTD,PCPSSTT,DPSPHSB,SDPDBTS,DBBHSST
https://imgur.com/dEPN2K1,Blank,2,TPHTCSS,HDCCPSP,TSHSDCD,PTBDBTB,BBBBBBB,BBBBBBB
https://cdn.discordapp.com/attachments/666872924967403550/666970150959972363/20200115_064030.jpg,Blank,1,TPHPTSP,BDBTHDD,BBBBBBB,BBBBBBB,BBBBBBB,STSHSPD
https://drive.google.com/file/d/1FNLpgQCjz3hvlN1ZkroGzjIhM6g8aK5d,Diamond,"3,4,6",THCCDPC,SBPTHHC,DHTTHHP,TCHCTPT,TCPTTBT,DTPSHPH
https://drive.google.com/open?id=1hyd59YKW2eFe1Ab5orJwa3nmeYoc0f_R,Blank,3,CTHHDTB,TSPSHSH,SDBCTBS,DPHTHPH,PHPSTTS,HHCBCCP
"https://cdn.discordapp.com/attachments/641540828942041088/667006626468986881/tiger_release_final_20200115_162300.png	",Blank,5,PHPSBPS,BPDCBTP,PHHSPSD,HHPTDTT,HHTBTDT,SPHHHCB
https://cdn.discordapp.com/attachments/666991197239377920/666995726110294027/lock2.jpg,Hex,5,DPBPBCH,HBSPDDS,TBTBPSP,BCHDBBH,CCTDTPC,THCHCCC
https://drive.google.com/file/d/1l0c0ePQBhQxDQ4MVG1YJwXSFUQWfA-xY,Blank,"2,5,6",PCPCPTD,THSSDCD,BDPCCPH,DHCPBBB,CSCCPCB,SDTSPST
https://imgur.com/yreuySj,Blank,3,SDBTSSH,TTBDDSH,CDBHBBP,SDSTSCS,BBBBBBB,BBBBBBB
https://drive.google.com/open?id=1TuAJTKvNvDj7XrcQY57AwpZL1Y3meQqs,Blank,1,DBTTSHD,PDHCSPH,HDSHTPC,BDSPHTD,STSHSSP,SPPCHCT
https://m.imgur.com/gallery/zmvi9VF,Blank,1 3,HDTBPTC,SBCDBBD,BTSPPHP,HHBBSSS,THHHBDT,HPBDHDS
https://imgur.com/a/lasmgEe,Blank,"3,6",BCPCSDC,PHDCPST,PPDCHPH,TSDBDPT,SSDHTPP,DSDHHTS
https://drive.google.com/open?id=1Iqmvf5oJMWpsJnnVkGP64LZURa3NfER2,Blank,"1,2,6",HPBCBPT,STPBTBB,STDTHCT,HSPSTPH,HHDSHPH,DHSHSCB
https://media.discordapp.net/attachments/667006788146561054/667009034985144326/tiger_release_final_20200116_000003.png?width=1200&height=675,Blank,3,TPHCTST,TCHDDTD,HDSBSTC,TCPSTCT,DSSPPDP,DDSTBTH
https://drive.google.com/file/d/1MGKxYKANsJi7cBEj-88g1zHRwyDbf74F,Blank,"2,6",CDHPDHC,TSCPPDT,DTTCTPP,BTTHSSS,SSSCDDH,BTTSBTB
https://imgur.com/a/P9fmwjB,Blank,1,BPBTSHB,DHPDTHP,PTPTCST,BTCSBCC,CPDSDSC,DDHBPCP
https://imgur.com/zoHSD0H,Plus,2,DDHHSPB,DSSSDDC,BHPCBCB,CHDHSBS,SCTTHPB,TPPHPPD
https://cdn.discordapp.com/attachments/610178199145676831/667130183207354378/destiny2_ddn8RL2ETV.jpg,Plus,"1,2,3",TPCHHHD,BDCHCBP,BCBCPTD,PHTPCHP,TBBBTPS,DBPDSPP
https://i.imgur.com/TPLpcmc.png,Blank,"2,3,5",SDHTHSP,HPHTCBB,CSPCTTT,CBSBHPT,BSSPDBH,PCCTBSS
https://cdn.discordapp.com/attachments/666873697763590144/666912228271718410/Destiny_2_20200115084508.jpg,Blank,5,HCCPPHS,STTPTTD,BDHCTBS,HHTHDPS,DCTCTCT,CHTCTBH
https://cdn.discordapp.com/attachments/666873697763590144/666975010488975372/FreezingDartEmblem.png,Blank,"2,4,6",PBBHTTS,PCHPCDB,CSBCTDH,PSHDCBT,CPPDDBC,CSHHCSB
https://imgur.com/NyAnNJa,Blank,"2,6",TPHCHPP,TCHTSPT,CCPHCBP,SBSSCHH,HSBHHHP,CSHHHBP
https://imgur.com/Tg1o7dn,Blank,"1,2",BHTPBBD,SSBTHHH,CPDSHSS,DTCCTCS,DSPPCCP,BTBSHCD
https://cdn.discordapp.com/attachments/666873697763590144/666975010488975372/FreezingDartEmblem.png,Blank,"2,4,6",PBBHTTS,PCHPCDB,CSBCTDH,PSHDCBT,CPPDDBC,CSHHCSB
https://cdn.discordapp.com/attachments/666873697763590144/666976285989535760/aprilemblemcode.jpg,Blank,4,SBSTSPH,THBPSPD,CHHSP?C,CPPSDSH,CBCHBDC,DTCDCHS
https://cdn.discordapp.com/attachments/666873697763590144/666976555892736020/unknown.png,Blank,"3,6",BCCCPTD,BPSCBSS,TBBSCDD,TDTBCTC,CCPHBDB,BDTHDDS
https://cdn.discordapp.com/attachments/666873697763590144/666959515878424576/Titan_Reveal_1_No_HUD.png,Blank,"1,5",TBBSTHB,BDDPSBP,SPTSHBS,SCHCSTH,TTTHBSP,BBHDDPH
https://cdn.discordapp.com/attachments/666873697763590144/666976668476375060/emblemcode.jpg,Blank,1,TPBCTTP,BSPCHPB,CBDDCHD,CTSHCSC,SBHHBCT,DDSDTHD
https://cdn.discordapp.com/attachments/666873697763590144/666976957602332693/tiger_release_final_20200114_214559.png,Blank,"3,6",SDCDTDT,TBBTDHH,SCDCCHB,SSBPPHD,HSDPPTB,DHSPTTH
https://cdn.discordapp.com/attachments/666873697763590144/666959779415195649/Warlock_Reveal_1_No_HUD.png,Blank,"2,4",SSCTHPT,PPDCSHC,SDTCDHC,PTBDBTB,BBBBBBB,BBBBBBB
https://cdn.discordapp.com/attachments/666873697763590144/666959914832363520/Warlock_Reveal_2_No_HUD.png,Blank,"3,5,6",CDTHPPH,SHHTDBS,DDBCCPS,BSTBSPC,SBHBDBC,DHTSDTS
https://imgur.com/a/BGAWe0I,Blank,"1,2,4,5",CPSTSTH,SHSBCSH,DDTPTHH,CBDTTCT,TSCCBTS,THSCPPP
https://cdn.discordapp.com/attachments/666961051379564575/666976930284830785/unknown.png,Blank,"2,4",CHTBBBH,SPCBCHS,SCHBTCS,PPSCSPT,PDCPHDD,HHCSHBC
https://i.imgur.com/jlXBIAW.jpg,Blank,"1,4",TCDCPSH,PBDHTCT,DBPCHHD,SCTDBSP,DSTDBPD,CCCPDCH
https://cdn.discordapp.com/attachments/666873697763590144/666981589812510730/20200115132240_1.jpg,Blank,4,CSTPHTH,CBHDCSB,DPSSDPP,BDDDTCS,PSBSCSP,TTCSSTH
https://cdn.discordapp.com/attachments/666873697763590144/666982448617226250/Emblem_2.png,Blank,6,HCSTDST,SCCBBCS,BBBBBBB,BBBBBBB,BBBBBBB,BTDHSSH
https://cdn.discordapp.com/attachments/666961051379564575/666961338370621497/unknown.png,Blank,"2,4",CHDTCPB,SHHBDBC,DTPDTTD,DPBCCTS,SDPHSHB,DSBBBC
https://cdn.discordapp.com/attachments/666961051379564575/666961099618254848/unknown.png,Blank,"2,4",CHTBBBH,SPCBCHS,SCHBTCS,PPSCSTP,PDCPHDD,HHCSHBC
https://cdn.discordapp.com/attachments/666873697763590144/666951957902262282/em2.png,Blank,"5,6",CCSTDCP,HDPPCHC,SSBSSSC,DSTBHHP,CSSTHCC,DPSTTPH
https://cdn.discordapp.com/attachments/581389917704290315/666983878401065020/1-14-2020_8-33-27_PM-b5nk4h2c.png,Blank,5,BBBBBBB,BBBBBBB,DDCSSDC,SPHTBPH,TBPSPDS,BBBBBBB
https://cdn.discordapp.com/attachments/409961893512478723/666984225425326110/exEToDD.png,Blank,5,PHPPDTT,SPDCSTP,BBSDHCP,THPBCHH,BDBDBTB,TPHTTTT
https://cdn.discordapp.com/attachments/581389917704290315/666983941042995201/1-14-2020_9-53-08_PM-u53r3ec3.png,Blank,"5,6",PTCCPDT,CBBHBBP,BDDHDHD,BTPTTBC,THTTDSP,HDSPSCH
https://cdn.discordapp.com/attachments/666873697763590144/666987801832587315/lock1.jpg,Blank,"2,3,6",SDHTHSP,HPHTCBB,CSPCTTT,CBSBHPT,BSSPDBH,PCCTBSS
https://media.discordapp.net/attachments/666872924967403550/666987794144428057/unknown.png?width=720&height=552,Blank,1,HDTBBHP,DHCHHBC,PCDCBSC,DCTHHPP,THDBHTB,PDBPTBS
https://cdn.discordapp.com/attachments/666873697763590144/666989189593563146/titan1.jpg,Blank,3,DPSPPCH,SHTSCSH,CCCSTBP,SCHPPHB,PCHSDPB,STSPSHT
https://cdn.discordapp.com/attachments/666873697763590144/666988854326067231/unknown.png,Blank,"2,5",PHBPDCS,HHPTHDB,SSBPPBC,BDHPHDS,CDHBBHD,STBCSST
https://i.imgur.com/EpISnaV.jpg,Blank,"1,3,5",HDPPCHH,DHHHBPP,SBPBBCS,SPBPHBT,PSHTHSH,TTCPBDS
https://cdn.discordapp.com/attachments/666873697763590144/666991723083202620/fc34cab4-8f1a-464c-a8ec-6e51a1a56e96.png,Blank,"2,4",PDTBCSC,SPCCHST,HTHDTHC,PTPBDCC,CCPCBCD,THPPBSH
https://imgur.com/HedGQgd,Blank,"2,5",PHBPDCS,HHPTHDB,SSBPPBC,BDHPHDS,CDHBBHD,STBCSST
https://i.imgur.com/lIXIKpu.jpg,Blank,"3,5",TDCPTPD,SCDTSCH,TDDTCPT,BDTSHST,PHTBCSD,SHBPSTS
https://i.imgur.com/KmrK68q.jpg,Blank,"5,6",PTDTCBP,DTBCSDD,CPCCTHS,DDPBSCD,TTDTCTB,SPPPBHH
https://i.imgur.com/UtwUuJO.jpg,Blank,5,SCCCCHC,TSDSSBT,SHHPHTD,TCCBPPH,PTCPHPH,CSTPTSD
https://cdn.discordapp.com/attachments/666873697763590144/666996430203781120/Hem1.png,Blank,1,SCHCCSB,SDBCDHB,SDPTSSC ,STCSCBH,TSCCSBC,CPCHHPB
https://i.imgur.com/n8ErOHh.jpg,Blank,"2,4,6",DBBBTHP,BSBSHSS,DHBTDSD,DSBHSST,HTBSCPP,CPSBPBS
https://cdn.discordapp.com/attachments/616633429462876185/666996616473083905/unknown.png,Blank,2,STCBCSP,BTBCTPH,DBCDSPT,HBPDHPD,DDHCPPC,TPBSHTD
https://cdn.discordapp.com/attachments/666872924967403550/666961096640430110/unknown_1.png,Blank,5,CBHBBCH,TTCPDTS,DTCBSBD,SSTPPDH,PCHSDHD,SPSTPTT
https://cdn.discordapp.com/attachments/512801962253746192/666883538674515968/unknown.png,Blank,"2,5,6",HPCPHBS,CSHTTBD,PBTBTTT,HTSTBDP,HTBTHBT,HBSHHTP
https://cdn.discordapp.com/attachments/666873697763590144/666996378882408478/20200115081227_1.jpg,Blank,"3,4,6",SPCPCCP,DHBDDTT,TBDHCHT,CDSDHTH,STSPCST,DPBHHDH
https://media.discordapp.net/attachments/666873697763590144/666997393077567548/unknown.png?width=950&height=676,Blank,"2,3,5",THTDCTB,BHPCBSP,CCTBBTB,CCTPTDT,HPDHCHP,CCDHHSH
https://cdn.discordapp.com/attachments/666873697763590144/667000932038344706/20200115144000_1.jpg,Blank,1,SHCPHTP,CCBDCBD,DHBSBHT,DCTSBBH,PCHHCCT,PHHHSTT
https://imgur.com/pyPz9r0,Blank,5,TDTTPHH,SBSPTPH,DPHDPTD,DPPCTCH,CPTDPPH,CCPSHPB
https://cdn.discordapp.com/attachments/666873697763590144/667005809221435442/Tem1.png,Blank,4,BDPPDCP,DHBPDHH,TSPDSBB,CCBDDSD,HDBSPTB,CSHBTCD
https://cdn.discordapp.com/attachments/616633429462876185/667005243719942194/unknown.png,Blank,"2,3,6",BTHSTCP,SHHSBDB,HCSHHHC,CCSCPDC,DSDPBHC,HCTDSDS
https://imgur.com/XdWz7KT,Blank,"2,5",PTHBDTS,HPTHPBT,PTDBTSH,HPBDPDB,BTSHSBS,CPDBSCS
https://i.imgur.com/fURNDt7.png,Blank,"1,4",SBDBBSB,PBDBDDS,SCHDBCB,TPCDPDB,HTDPSTC,TCPBSHS
https://cdn.discordapp.com/attachments/666873697763590144/667011423435489282/Tem2.png,Blank,"2,5",PBDPDPS,CBCSTTC,HTBDHPD,THPCDPB,SPCBSCB,CBDDTSH
https://imgur.com/qvb5RPX,Blank,"2,6",PPTPPCT,BSPBHPD,BSPHSTT,SCPHCCB,HCBHDDT,PHPHSTT
https://imgur.com/a/PRsUWAv,Blank,"3,5",BTBTTDD,DPTTBCH,"DDPDPTD	",BBBBBBB,BCTPDTP,CHPHSTD
https://i.imgur.com/g3mOzIs.jpg,Blank,"3,6",HTBBBTC,STDDHTD,PBPPPDP,TDBHCTP,PBCDTCD,DTTBSPP
https://ibb.co/VpzBTPf,Blank,1,HTCBDBS,SHSTBTH,PDCDPSP,SPBBTCB,BSCTHSS,SBHBTCD
https://imgur.com/JyxrNQd.jpg,Blank,"2,4",SCTCTCC,BPTTSSC,DBBTPBH,SBPDPHP,TTSBDBH,PPBCHDC
https://ibb.co/VM0N7gD,Blank,2,CSBSBBT,PBPSDCD,HHCPHHH,DHCTCPT,DHTPDBT,DTHTHPH
https://cdn.discordapp.com/attachments/666873697763590144/667016968137867264/Screenshot_2020-01-15_08.43.44.png,Blank,1,BPCHPDD,BDPSBDS,CSSBSCB,HSBTDBS,BSBTPTT,STCBPBP
https://cdn.discordapp.com/attachments/666873697763590144/667018149157404673/Hem2.png,Blank,6,SDDHPDH,PBTCSCD,TPCSCTS,PTHHPCH,HDSTPBC,HHBHDDS
https://cdn.discordapp.com/attachments/628327783868661782/666879612277620785/tiger_release_final_20200115_024053.png,Blank,"1,2,3",PHPBBPH,BHSDDST,PPBTBCH,BHHBBSC,DTCPSPD,SBPSDBP
https://i.imgur.com/7pox8oA.jpg,Blank,"2,6",TDCPCPB,CCBDCHT,BCDCPPH,PHTHSSS,DSTTHTB,DBTDTBD
https://imgur.com/lrbJLUg.jpg,Blank,"2,3,6",TDPDTSP,HTDTBCT,HCCTBBC,PDSPDPD,DHSPHPB,PBTTBCB
https://ibb.co/5FmFRjB,Blank,"1,3",DHHPDBC,TBCTSHC,DTPDHSD,PDDPCTC,HPHPPDB,CSDHPPH
https://imgur.com/gallery/LhquW8n,Blank,"1,3",DDTTSSC,"CDCPTBS	",DCPTPSH,DHDPTBP,CCSPCBD,BSCCBDP
https://imgur.com/gallery/ukpUu7g,Blank,"2,3","	DBTHCTP","	DSPPCTS","HDHBBHD	","	CTPCTHC","PPHBCBB	",HTPTPHT
https://imgur.com/gallery/CjLXNm2,Blank,"2,3,5","THPBDHP	",CSBDBDP,DHCTDTB,PBTDDCP,"	CPSCDBT",BTTSSPB
https://imgur.com/gallery/ChKqBZ9,Blank,"1,3,6","	TDTSSHH",CDPCDTT,PHPCSCB,BBHHHDB,"BPTPTSC	",CCDCPDS
https://imgur.com/gallery/usAiVnE,Blank,"2,5,6",CPSSPCH,BPDDBHS,SDBTTBS,CSBDTCD,DBSPBBH,HCHHPSC
https://cdn.discordapp.com/attachments/667022041647415303/667025854865342474/unknown.png,Blank,4,TPSPCPH,CDHDPSS,SHTBDHD,BBTDTBS,CSPHDPB,SSCPPDP
https://imgur.com/gallery/a2IU6qG,Blank,5,HHSTTPB,"DHHSTSD	",TTSCCSS,CCPDBTP,"	DDSSPHB",HHSTTPB
https://i.imgur.com/spueF0b.png,Blank,2,CBDDBTD,TCPDBHS,BBBBBBB,BBBBBBB,BBBBBBB,HBHSBHC
https://i.imgur.com/fCdF6xD.png,Blank,"5,6",SPDHDSC,TSTBPCH,DHPBSTS,HSPHTPP,TCSBSHT,TTCHTTS
https://i.imgur.com/PUbrLbk.jpg,Blank,"1,3",HHHTDSP,TBTBSBS        ,CCSSHSD        ,BTSTBHB,BBPTHSH,CBPCPBC
,Blank,"2,6",HPCTPBH,DHTPSHT,HCPCCHC,THHPTPC,TBPBDTD,PCTCPHP
https://cdn.discordapp.com/attachments/453790554124451841/667056158846091306/unknown.png,Blank,6,PTPBDHH,PCDCPDH,CTTPPPP,PSBTBPP,HBTTCBS,SCSPHBT
https://cdn.discordapp.com/attachments/453790554124451841/667058138133954583/unknown.png,Blank,"1,5,6",BSTDPPP,HHBTSBP,BDSPDDC,TBTDHSD,DPBDHSC,DBTSHCS
https://imgur.com/1c946Yd,Blank,"3,5,6",DHPSTDS,BBPSHTT,DDBCSPC,HBHHPPH,DPSDCBB,TBTHPCT
,Blank,"2,3",CTDTCHD,THPPPTT,CDDTTTH,PSPPCTP,TCBPSCC,DTDSDPT
https://imgur.com/UdHPNEn,Blank,"3,5",SPDSDPD,CHPPSCP,CCHHTCS,PTPBCTC,THHDHTC,BDDTDPC
https://cdn.discordapp.com/attachments/666873697763590144/667085858830286858/Screenshot_2020-01-15_at_19.19.46.png,Blank,"3,6",HHSHCDH,CTHHTHT,CSHPCCC,SBDCCTD,BCBTDPT,SSSDTCD
https://media.discordapp.net/attachments/353159789095813132/667022903405051943/Annotation_2020-01-15_085137.png,Blank,"3,6",CSPTPHH,DDHBBHS,TTDDDPC,SSCBDHH,TTHBDTC,PCTCHHB
https://1drv.ms/u/s!AuEBZCqR9a8rcqvui94YdeT1DQA,Blank,"3,6",SSHCPCP,DBSHPCB,CSCPTSP,TSHBCPT,HHHTHBD,DSHHHTT
https://cdn.discordapp.com/attachments/666873697763590144/667087298927525888/Screenshot_2020-01-15_at_19.25.06.png,Blank,"2,4",PSTCCST,SSBCTHB,BCTCPTS,SBCCBTD,BSBPPPH,DDHTCCC
https://media.discordapp.net/attachments/343376081451089921/667088386879913994/unknown.png?width=944&height=531,Blank,"3,6",HPSTCSS,SSSSPDH,DSTHHSD,PBDTPDT,DTPHTCD,DPSHPDT
https://cdn.discordapp.com/attachments/667022041647415303/667096540329803796/Emblem_Floor_1-15_12.00_am.jpg,Blank,"2,5,6",HPCDSTD,BTBDPPT,HDDCPBT,DCBCBDD,TBBHBDS,BCDHTCB
https://cdn.discordapp.com/attachments/667022041647415303/667095486418780211/tiger_release_final_20200115_145849.png,Blank,"2,6",PTTBTSS,STSPCCS,HTCTCPP,HPPHTBB,SBPDSCB,CTHBDST
https://imgur.com/a/EkpcGT5,Blank,3,HDCPCPP,CSCTTBB,SPPPDPC,HHBDDHH,BBBBBBB,BBBBBBB
https://cdn.discordapp.com/attachments/667022041647415303/667099731457081344/tiger_release_final_20200115_151539.png,Blank,6,SPCHDPC,TCDSBSC,SCBDSPD,BDBSDPD,PHSPBHD,SHCBHPB
https://cdn.discordapp.com/attachments/666873697763590144/667102149800624128/tiger_release_final_20200115_212127.png,Blank,5,CHDHPHH,PDBSCBD,SHHHPDH,HSHTCTT,DPTHCTH,PBDSBPS
https://cdn.discordapp.com/attachments/667118189091749898/667118245152817152/tiger_release_final_20200115_221859.png,Blank,1,CHHSTCT,CBHPHSB,STPPTCC,SDTBTHC,BHTHCCD,CPPSCTS
https://cdn.discordapp.com/attachments/667118189091749898/667119563481284631/tiger_release_final_20200115_221443.png,Blank,"3,5",PDPSTTT,HSDBDDD,BPBBDCT,HTBBTBT,CBPTPTP,TDSBHDB
https://i.imgur.com/0PZeKBQ.jpg?1,Blank,"2,5",DTHBCDP,DCTCPCP,THHDTST,CCHTBTC,HCBSSCP,PTDBPBC
,Blank,"2,3,4",HDTHBBS,PPHCBTS,HSDBCSC,DHCBCBT,SDDSSPH,DCPBPCT
https://imgur.com/BPUyyHx,Blank,5,BPCHSDC,CBBSDPC,DCHPCTS,DTDTDBD,THDPCSS,DPPSSDD
https://cdn.discordapp.com/attachments/667118189091749898/667127807494848564/tiger_release_final_20200115_230508.png,Blank,1,PSPBHSC,BBBBBBB,BBBBBBB,TDDHBHB,HHTTPPC,CCBDBPD
,Blank,5,PSCCSDC,CPCTHPC,HBCSCCT,SCBTTCC,BDDHSDD,HCCCHSB
,Blank,2,DCPCPTS,BSHBBSB,TTCDHTC,DDPDSDC,DCPTDPT,CCDPCPT
,Blank,"1,4,5",HCBHCPT,PDTHHPC,BBCSHHS,DPSCBSB,PDCHTBP,SPDHHHB
https://cdn.discordapp.com/attachments/666873697763590144/667140111665725498/PS_Messages_20200115_175627.jpg,Blank,"3,4,5,6",DHHDPST,HTBTBDC,DDTDCPH,BCCDTDS,DDSBBSD,SBBTPTB
https://gamerdvr.com/gamer/mrdrmuffinpants/screenshot/14482002,Blank,3,SBPDSTD,DBHPCHB,PDSPPHD,SSBCPPS,BPHHCBH,PSDHHDT
https://imgur.com/a/Ypt2uat,Blank,1,BBBPHTC,HPSPTHC,PCSTDPS,SDHDBDB,HHCPTBD,CHDCHDB
https://cdn.discordapp.com/attachments/666873697763590144/667117189765136445/Destiny_2_Screenshot_2020.01.15_-_03.51.14.73.png,Blank,5,CPSHPHC,TPBHTHT,SCPHDDT,PTTBTSS,THDTSCB,CTDHHBC
,Blank,"2,3,5,6",BBDBHPH,CSDSTCC,PHCDCSB,BDDCHTP,HPSSHHT,CHDCSPB
,Blank,"2,3,6",HBBDPSP,CCSDPHC,CCHBHTT,PDDDCCB,BTTDCTC,DSCBCDH
